name,mean_delay
American,0.36429085673146155
Delta,1.6443409291199804
Endeavor,7.379669249450676
Envoy,10.774733394576026
ExpressJet,15.79643108710965
JetBlue,9.457973320505468
other,8.231974329935825
Southwest,9.649119893723016
United,3.5580111453393792
US Airways,2.129595078412586
